playerID,yearID,age,woba,a1,a2
aaronha01,1954,20.4109589041096,0.29186083499006,-0.0699641310927156,0.086848094146231
aaronha01,1955,21.4109589041096,0.344258805513017,-0.0636718774320909,0.0650722423763636
aaronha01,1956,22.413698630137,0.364477657935285,-0.057362384720341,0.0452697683533109
aaronha01,1957,23.413698630137,0.385439393939394,-0.0510701310597162,0.0275488823176358
aaronha01,1958,24.413698630137,0.366598765432099,-0.0447778773990914,0.0118527055746829
aaronha01,1959,25.413698630137,0.414094674556213,-0.0384856237384666,-0.00181876187554777
aaronha01,1960,26.4164383561644,0.347175115207373,-0.0321761310267168,-0.0134946477863076
aaronha01,1961,27.4164383561644,0.388269230769231,-0.025883877366092,-0.0231111495023466
aaronha01,1962,28.4164383561644,0.381425727411945,-0.0195916237054672,-0.0307029419256634
aaronha01,1963,29.4164383561644,0.371352011494253,-0.0132993700448424,-0.0362700250562578
aaronha01,1964,30.4191780821918,0.343048,-0.00698987733309262,-0.039819322854725
aaronha01,1965,31.4191780821918,0.353866454689984,-0.000697623672467814,-0.0413314402511278
aaronha01,1966,32.4191780821918,0.330725111441308,0.00559462998815697,-0.0408188483548084
aaronha01,1967,33.4191780821918,0.369746153846154,0.0118868836487818,-0.0382815471657667
aaronha01,1968,34.4219178082192,0.338923430321593,0.0181963763605316,-0.0337042568519411
aaronha01,1969,35.4219178082192,0.36445,0.0244886300211564,-0.0271119899287078
aaronha01,1970,36.4219178082192,0.349943396226415,0.0307808836817812,-0.0184950137127522
aaronha01,1971,37.4219178082192,0.409702898550725,0.037073137342406,-0.00785332820407434
aaronha01,1972,38.4246575342466,0.304780718336484,0.0433826300541558,0.00485055022204397
aaronha01,1973,39.4246575342466,0.371050884955752,0.0496748837147806,0.0195472014649135
aaronha01,1974,40.4246575342466,0.307706666666667,0.0559671373754054,0.0362685620005053
aaronha01,1975,41.4246575342466,0.224543599257885,0.0622593910360302,0.0550146318288193
aaronha01,1976,42.427397260274,0.231104234527687,0.06856888374778,0.0758450983672302
baineha01,1980,21.3095890410959,0.284555992141454,-0.0643097223237158,0.0671874380390681
baineha01,1981,22.3095890410959,0.326284246575342,-0.058017468663091,0.0472310510582777
baineha01,1982,23.3095890410959,0.306045731707317,-0.0517252150024662,0.0292993733702095
baineha01,1983,24.3095890410959,0.306319248826291,-0.0454329613418414,0.0133924049748636
baineha01,1984,25.3123287671233,0.344258481421648,-0.0391234686300916,-0.000525106541135075
baineha01,1985,26.3123287671233,0.323201459854015,-0.0328312149694668,-0.0123771092022893
baineha01,1986,27.3123287671233,0.319210180623974,-0.026538961308842,-0.0222044025707213
baineha01,1987,28.3123287671233,0.307884057971014,-0.0202467076482172,-0.0300069866464311
baineha01,1988,29.3150684931507,0.2858,-0.0139372149364674,-0.0357979100501371
baineha01,1989,30.3150684931507,0.313785964912281,-0.00764496127584258,-0.0395455283916551
baineha01,1990,31.3150684931507,0.301662983425414,-0.00135270761521778,-0.041268437440451
baineha01,1991,32.3150684931507,0.326862132352941,0.004939546045407,-0.0409666371965245
baineha01,1992,33.3178082191781,0.25687895716946,0.0112490387571568,-0.0386309724879378
baineha01,1993,34.3178082191781,0.328546808510638,0.0175412924177816,-0.0342742065098197
baineha01,1994,35.3178082191781,0.325282051282051,0.0238335460784064,-0.0278927312389793
baineha01,1995,36.3178082191781,0.332565022421525,0.0301257997390312,-0.0194865466754167
baineha01,1996,37.3205479452055,0.317589380530973,0.036435292450781,-0.00902429385453737
baineha01,1997,38.3205479452055,0.313975951903808,0.0427275461114058,0.00343685644321691
baineha01,1998,39.3205479452055,0.303604938271605,0.0490197997720306,0.0179227160336934
baineha01,1999,40.3205479452055,0.35305684754522,0.0553120534326554,0.0344332849168922
baineha01,2000,41.3232876712329,0.291788617886179,0.0616215461444052,0.0530221258500644
biggicr01,1988,22.558904109589,0.2433671875,-0.0564487150107161,0.042570944282811
biggicr01,1989,23.558904109589,0.266852525252525,-0.0501564613500913,0.0251440571307366
biggicr01,1990,24.558904109589,0.248875613747954,-0.0438642076894665,0.00974187927138446
biggicr01,1991,25.558904109589,0.268948419301165,-0.0375719540288417,-0.00363558929524545
biggicr01,1992,26.5616438356164,0.253138613861386,-0.0312624613170919,-0.0150166708460111
biggicr01,1993,27.5616438356164,0.295120863309353,-0.0249702076564671,-0.0243391736784493
biggicr01,1994,28.5616438356164,0.299017716535433,-0.0186779539958423,-0.0316369672181653
biggicr01,1995,29.5616438356164,0.285366111951589,-0.0123857003352175,-0.0369100514651591
biggicr01,1996,30.5643835616438,0.258476923076923,-0.00607620762346764,-0.040164544903632
biggicr01,1997,31.5643835616438,0.298757452574526,0.000216046037157163,-0.0413826634164341
biggicr01,1998,32.5643835616438,0.322740082079343,0.00650829969778196,-0.0405760726365139
biggicr01,1999,33.5643835616438,0.291280272108843,0.0128005533584068,-0.0377447725638714
biggicr01,2000,34.5671232876712,0.241464912280702,0.0191100460701565,-0.0328726778900517
biggicr01,2001,35.5671232876712,0.283990182328191,0.0254022997307813,-0.0259864120832176
biggicr01,2002,36.5671232876712,0.256541925465839,0.0316945533914061,-0.0170754369836612
biggicr01,2003,37.5671232876712,0.261614627285513,0.0379868070520309,-0.00613975259138263
biggicr01,2004,38.5698630136986,0.296927641099855,0.0442962997637808,0.00685893019472987
biggicr01,2005,39.5698630136986,0.290716279069767,0.0505885534244056,0.0218495803212002
biggicr01,2006,40.5698630136986,0.264044925124792,0.0568808070850304,0.0388649397403927
biggicr01,2007,41.5698630136986,0.258443430656934,0.0631730607456552,0.0579050084523075
bondsba01,1986,21.9479452054795,0.238841666666667,-0.0602930234115909,0.0542144456556205
bondsba01,1987,22.9479452054795,0.295835526315789,-0.0540007697509661,0.035550544332924
bondsba01,1988,23.9506849315068,0.315006666666667,-0.0476912770392163,0.0188685466486779
bondsba01,1989,24.9506849315068,0.280010670731707,-0.0413990233785915,0.00425961106017312
bondsba01,1990,25.9506849315068,0.335778877887789,-0.0351067697179667,-0.00832461523560944
bondsba01,1991,26.9506849315068,0.319336617405583,-0.0288145160573419,-0.0188841322386697
bondsba01,1992,27.9534246575342,0.36478275862069,-0.0225050233455921,-0.0274395418106232
bondsba01,1993,28.9534246575342,0.41846117274168,-0.0162127696849673,-0.0339440930794918
bondsba01,1994,29.9534246575342,0.380309210526316,-0.00992051602434253,-0.0384239350556382
bondsba01,1995,30.9534246575342,0.333287112561175,-0.00362826236371773,-0.0408790677390623
bondsba01,1996,31.9561643835616,0.349818604651163,0.00268123034803207,-0.041307889198723
bondsba01,1997,32.9561643835616,0.340737804878049,0.00897348400865687,-0.0397080561479555
bondsba01,1998,33.9561643835616,0.352917541229385,0.0152657376692817,-0.0360835138044657
bondsba01,1999,34.9561643835616,0.327607058823529,0.0215579913299065,-0.0304342621682537
bondsba01,2000,35.958904109589,0.374336752136752,0.0278674840416563,-0.0227364955156217
bondsba01,2001,36.958904109589,0.42170747217806,0.0341597377022811,-0.0130322781452179
bondsba01,2002,37.958904109589,0.457667279411765,0.0404519913629059,-0.00130335148209197
bondsba01,2003,38.958904109589,0.459063394683027,0.0467442450235307,0.0124502844737562
bondsba01,2004,39.9616438356164,0.545010060362173,0.0530537377352805,0.0282746392386809
bondsba01,2006,41.9616438356164,0.340265934065934,0.0656382450565301,0.0659165519114829
bondsba01,2007,42.9616438356164,0.352200460829493,0.0719304987171549,0.0877745721869673
brettge01,1974,21.1397260273973,0.274125786163522,-0.0653785434934658,0.0707784616028366
brettge01,1975,22.1397260273973,0.313146627565982,-0.059086289832841,0.0504781513997208
brettge01,1976,23.1424657534247,0.322490701001431,-0.0527767971210912,0.0321552615230541
brettge01,1977,24.1424657534247,0.343065040650407,-0.0464845434604664,0.0159099170541299
brettge01,1978,25.1424657534247,0.312149362477231,-0.0401922897998416,0.00168928187792801
brettge01,1979,26.1424657534247,0.374033527696793,-0.0339000361392168,-0.0105066440055516
brettge01,1980,27.1452054794521,0.430635270541082,-0.027590543427467,-0.0207029457699255
brettge01,1981,28.1452054794521,0.334408602150538,-0.0212982897668422,-0.0288439059192135
brettge01,1982,29.1452054794521,0.32760162601626,-0.0150060361062174,-0.0349601567757793
brettge01,1983,30.1452054794521,0.35799609375,-0.00871378244559256,-0.0390516983396228
brettge01,1984,31.1479452054795,0.300975961538462,-0.00240428973384276,-0.041121411991704
brettge01,1985,32.1479452054795,0.377988958990536,0.00388796392678204,-0.0411579878213558
brettge01,1986,33.1479452054795,0.311722113502935,0.0101802175874068,-0.0391698543582853
brettge01,1987,34.1479452054795,0.313631578947368,0.0164724712480316,-0.0351570116024927
brettge01,1988,35.1506849315069,0.326887387387387,0.0227819639597815,-0.0291001371422811
brettge01,1989,36.1506849315069,0.293844357976654,0.0290742176204063,-0.0210323286522968
brettge01,1990,37.1506849315069,0.350844856661046,0.0353664712810311,-0.0109398108695901
brettge01,1991,38.1506849315069,0.26817825311943,0.0416587249416559,0.00117741620583873
brettge01,1992,39.1534246575342,0.284947702060222,0.0479682176534056,0.0153608787783429
brettge01,1993,40.1534246575342,0.291388059701493,0.0542604713140304,0.0315330715879634
fiskca01,1972,24.5287671232877,0.329680473372781,-0.0440538372518414,0.0101764646353354
fiskca01,1973,25.5287671232877,0.273836036036036,-0.0377615835912166,-0.00326202256751352
fiskca01,1974,26.5287671232877,0.329212264150943,-0.0314693299305918,-0.0146758004776402
fiskca01,1975,27.5287671232877,0.3464,-0.025177076269967,-0.0240648690950446
fiskca01,1976,28.5315068493151,0.259493647912886,-0.0188675835582172,-0.0314466235734363
fiskca01,1977,29.5315068493151,0.312358851674641,-0.0125753298975924,-0.036780726456649
fiskca01,1978,30.5315068493151,0.294124807395994,-0.00628307623696764,-0.0400901200471395
fiskca01,1979,31.5315068493151,0.293955752212389,9.17742365716159e-06,-0.0413748043449078
fiskca01,1980,32.5342465753425,0.305975190839695,0.00631867013540696,-0.0406299707110067
fiskca01,1981,33.5342465753425,0.241579487179487,0.0126109237960318,-0.0378596892745833
fiskca01,1982,34.5342465753425,0.27304,0.0189031774566566,-0.0330646985454377
fiskca01,1983,35.5342465753425,0.317987037037037,0.0251954311172814,-0.0262449985235698
fiskca01,1984,36.5369863013699,0.282976923076923,0.0315049238290312,-0.0173735767773759
fiskca01,1985,37.5369863013699,0.2926699669967,0.037797177489656,-0.00649891102131635
fiskca01,1986,38.5369863013699,0.229613496932515,0.0440894311502808,0.00640046402746549
fiskca01,1987,39.5369863013699,0.291889779559118,0.0503816848109056,0.0213245483689696
fiskca01,1988,40.5397260273973,0.330868055555556,0.0566911775226554,0.038322558227456
fiskca01,1989,41.5397260273973,0.316476885644769,0.0629834311832802,0.0573016083031517
fiskca01,1990,42.5397260273973,0.292438596491228,0.0692756848439049,0.0783053676715698
fiskca01,1991,43.5397260273973,0.267148893360161,0.0755679385045298,0.10133383633271
fiskca01,1992,44.5424657534247,0.227645933014354,0.0818774312162796,0.126458434303489
griffke02,1989,19.6191780821918,0.282432595573441,-0.0749462168678405,0.105526021158687
griffke02,1990,20.6191780821918,0.320865443425077,-0.0686539632072157,0.082147043400884
griffke02,1991,21.6191780821918,0.357123355263158,-0.0623617095465909,0.0607927749358031
griffke02,1992,22.6219178082192,0.358134551495017,-0.0560522168348411,0.0414130392402894
griffke02,1993,23.6219178082192,0.37333033033033,-0.0497599631742163,0.0241137365094002
griffke02,1994,24.6219178082192,0.418196202531646,-0.0434677095135915,0.00883914307123333
griffke02,1995,25.6219178082192,0.282441558441558,-0.0371754558529667,-0.00441074107421134
griffke02,1996,26.6246575342466,0.362913461538462,-0.0308659631412169,-0.0156638886574324
griffke02,1997,27.6246575342466,0.386917767988253,-0.0245737094805921,-0.0248588070686854
griffke02,1998,28.6246575342466,0.353004231311707,-0.0182814558199673,-0.0320290161872161
griffke02,1999,29.6246575342466,0.342341074020319,-0.0119892021593424,-0.0371745160130246
griffke02,2000,30.627397260274,0.319578175895765,-0.00567970944759265,-0.0403010754839529
griffke02,2001,31.627397260274,0.3228,0.000612544213032148,-0.0413916095755697
griffke02,2002,32.627397260274,0.279371681415929,0.00690479787365695,-0.0404574343744643
griffke02,2003,33.627397260274,0.3128,0.0131970515342817,-0.0374985498806366
griffke02,2004,34.6301369863014,0.291997101449275,0.0195065442460316,-0.0324985212392722
griffke02,2005,35.6301369863014,0.33961231884058,0.0257987979066564,-0.0254846710112528
griffke02,2006,36.6301369863014,0.300699570815451,0.0320910515672812,-0.0164461114905112
griffke02,2007,37.6301369863014,0.304998357963875,0.038383305227906,-0.00538284267704735
griffke02,2008,38.6328767123288,0.271254901960784,0.0446927979396557,0.00774377407660971
griffke02,2009,39.6328767123288,0.233243362831858,0.0509850516002805,0.0228620086242652
gwynnto01,1982,22.1561643835616,0.273682926829268,-0.058982855526091,0.0501613626746164
gwynnto01,1983,23.1561643835616,0.289944615384615,-0.0526906018654662,0.0319190446567059
gwynnto01,1984,24.158904109589,0.33478506097561,-0.0463811091537164,0.0156597852999986
gwynnto01,1985,25.158904109589,0.299935435435435,-0.0400888554930916,0.00147243301627983
gwynnto01,1986,26.158904109589,0.333973837209302,-0.0337966018324668,-0.0106902099747167
gwynnto01,1987,27.158904109589,0.373467791411043,-0.027504348171842,-0.020828143672991
gwynnto01,1988,28.1616438356164,0.310852049910873,-0.0211948554600922,-0.0289608149174056
gwynnto01,1989,29.1616438356164,0.32475,-0.0149026017994674,-0.0350437828814883
gwynnto01,1990,30.1616438356164,0.322915282392027,-0.00861034813884257,-0.0391020415528486
gwynnto01,1991,31.1616438356164,0.317249554367201,-0.00231809447821777,-0.0411355909314868
gwynnto01,1992,32.1643835616438,0.313664272890485,0.00399139823353205,-0.0411416740636086
gwynnto01,1993,33.1643835616438,0.362963601532567,0.0102836518941569,-0.0391202577080551
gwynnto01,1994,34.1643835616438,0.406971615720524,0.0165759055547817,-0.0350741320597793
gwynnto01,1995,35.1643835616438,0.3636860670194,0.0228681592154065,-0.0290032971187812
gwynnto01,1996,36.1671232876712,0.340239175257732,0.0291776519271562,-0.0208827921386104
gwynnto01,1997,37.1671232876712,0.383373040752351,0.035469905587781,-0.0107569914634207
gwynnto01,1998,38.1671232876712,0.337537074148297,0.0417621592484058,0.00139351850449124
gwynnto01,1999,39.1671232876712,0.338770975056689,0.0480544129090306,0.0155687377651254
gwynnto01,2000,40.1698630136986,0.316050724637681,0.0543639056207804,0.0318158308575891
gwynnto01,2001,41.1698630136986,0.318837837837838,0.0606561592814052,0.0500460158524149
henderi01,1979,20.5260273972603,0.240061538461538,-0.0692400909454657,0.0842392939153083
henderi01,1980,21.5287671232877,0.262482369534556,-0.0629305982337159,0.0626401820002157
henderi01,1981,22.5287671232877,0.290274028629857,-0.0566383445730911,0.0431275669192
henderi01,1982,23.5287671232877,0.231934351145038,-0.0503460909124663,0.0256396611309066
henderi01,1983,24.5287671232877,0.26815660685155,-0.0440538372518414,0.0101764646353354
henderi01,1984,25.5315068493151,0.275455462184874,-0.0377443445400917,-0.00329605916746451
henderi01,1985,26.5315068493151,0.301548238897397,-0.0314520908794668,-0.014704289928844
henderi01,1986,27.5315068493151,0.2760443490701,-0.025159837218842,-0.0240878113975013
henderi01,1987,28.5315068493151,0.278740318906606,-0.0188675835582172,-0.0314466235734363
henderi01,1988,29.5342465753425,0.265520186335404,-0.0125580908464674,-0.0367925592639435
henderi01,1989,30.5342465753425,0.241579970104634,-0.00626583718584264,-0.0400964057056868
henderi01,1990,31.5342465753425,0.32436779661017,2.64164747821561e-05,-0.0413755428547079
henderi01,1991,32.5342465753425,0.255436077057793,0.00631867013540696,-0.0406299707110067
henderi01,1992,33.5369863013699,0.263078787878788,0.0126281628471568,-0.0378493182892212
henderi01,1993,34.5369863013699,0.271893687707641,0.0189204165077816,-0.0330487804113284
henderi01,1994,35.5369863013699,0.217465240641711,0.0252126701684064,-0.0262235332407133
henderi01,1995,36.5369863013699,0.275314049586777,0.0315049238290312,-0.0173735767773759
henderi01,1996,37.5397260273973,0.199563333333333,0.037814416540781,-0.00646633624329779
henderi01,1997,38.5397260273973,0.20803162055336,0.0441066702014058,0.00643858595423123
henderi01,1998,39.5397260273973,0.205841317365269,0.0503989238620305,0.0213682174444825
henderi01,1999,40.5397260273973,0.284902671755725,0.0566911775226554,0.038322558227456
henderi01,2000,41.5424657534247,0.20322193877551,0.0630006702344052,0.057356386873827
henderi01,2001,42.5424657534247,0.2038,0.06929292389503,0.0783656933909922
henderi01,2002,43.5424657534247,0.20095045045045,0.0755851775556548,0.10139970920088
jacksre01,1967,21.1315068493151,0.181380597014925,-0.0654302606468408,0.0709537025801456
jacksre01,1968,22.1342465753425,0.281922314049587,-0.059120767935091,0.0505838692227646
jacksre01,1969,23.1342465753425,0.336967987804878,-0.0528285142744662,0.0322971740148766
jacksre01,1970,24.1342465753425,0.269011976047904,-0.0465362606138414,0.0160351880997109
jacksre01,1971,25.1342465753425,0.306150706436421,-0.0402440069532166,0.00179791147726744
jacksre01,1972,26.1369863013699,0.291381461675579,-0.0339345142414668,-0.0104453337678208
jacksre01,1973,27.1369863013699,0.321988673139159,-0.027642260580842,-0.0206276446560726
jacksre01,1974,28.1369863013699,0.323815068493151,-0.0213500069202172,-0.0287852462516022
jacksre01,1975,29.1369863013699,0.297415662650602,-0.0150577532595924,-0.0349181385544095
jacksre01,1976,30.1397260273973,0.312132486388385,-0.00874826054784257,-0.0390347956872051
jacksre01,1977,31.1397260273973,0.317616279069767,-0.00245600688721777,-0.0411127222558207
jacksre01,1978,32.1397260273973,0.288580310880829,0.00383624677340704,-0.041165939531714
jacksre01,1979,33.1397260273973,0.319224719101124,0.0101285004340318,-0.0391944475148852
jacksre01,1980,34.1424657534247,0.355474402730375,0.0164379931457817,-0.035184516535388
jacksre01,1981,35.1424657534247,0.255221052631579,0.0227302468064065,-0.0291580587843674
jacksre01,1982,36.1424657534247,0.316226600985222,0.0290225004670313,-0.0211068917406246
jacksre01,1983,37.1424657534247,0.209587196467991,0.0353147541276561,-0.0110310154041596
jacksre01,1984,38.1452054794521,0.255348958333333,0.0416242468394058,0.0011055036876302
jacksre01,1985,39.1452054794521,0.292037807183365,0.0479165005000306,0.0152363457582869
jacksre01,1986,40.1452054794521,0.247555335968379,0.0542087541606554,0.0313918971216659
jacksre01,1987,41.1452054794521,0.240633689839572,0.0605010078212802,0.0495721577777671
kalinal01,1954,19.5424657534247,0.260155303030303,-0.0754289102993405,0.107403094554921
kalinal01,1955,20.5424657534247,0.34940956651719,-0.0691366566387157,0.083868796632197
kalinal01,1956,21.5452054794521,0.330457848837209,-0.0628271639269659,0.0623030587955943
kalinal01,1957,22.5452054794521,0.317449438202247,-0.0565349102663411,0.0428237266070618
kalinal01,1958,23.5452054794521,0.322207357859532,-0.0502426566057163,0.0253691037112514
kalinal01,1959,24.5452054794521,0.341080895008606,-0.0439504029450914,0.00993919010816334
kalinal01,1960,25.5479452054795,0.274033816425121,-0.0376409102333417,-0.00349995961614667
kalinal01,1961,26.5479452054795,0.324679817905918,-0.0313486565727169,-0.0148749074850431
kalinal01,1962,27.5479452054795,0.34724384787472,-0.0250564029120921,-0.0242251460612172
kalinal01,1963,28.5479452054795,0.341515806988353,-0.0187641492514673,-0.0315506753446691
kalinal01,1964,29.5506849315069,0.295133333333333,-0.0124546565397174,-0.0368632369566864
kalinal01,1965,30.5506849315069,0.296606911447084,-0.00616240287909263,-0.0401338005059467
kalinal01,1966,31.5506849315069,0.309306737588653,0.000129850781532168,-0.0413796547624847
kalinal01,1967,32.5506849315069,0.324726765799256,0.00642210444215697,-0.0406007997263004
kalinal01,1968,33.5534246575342,0.279750656167979,0.0127315971539067,-0.037786773226025
kalinal01,1969,34.5534246575342,0.281891050583658,0.0190238508145315,-0.032952952455649
kalinal01,1970,35.5534246575342,0.275040219378428,0.0253161044751563,-0.0260944223925508
kalinal01,1971,36.5534246575342,0.282873727087576,0.0316083581357811,-0.0172111830367304
kalinal01,1972,37.5561643835616,0.319967532467532,0.037917850847531,-0.00627056842416227
kalinal01,1973,38.5561643835616,0.262556851311953,0.0442101045081558,0.00666763666584986
kalinal01,1974,39.5561643835616,0.253580542264753,0.0505023581687806,0.0216305510485842
mayswi01,1951,20.1643835616438,0.285089866156788,-0.0715156456939656,0.0925286545020842
mayswi01,1952,21.1671232876712,0.244236111111111,-0.0652061529822158,0.0701953128602135
mayswi01,1954,23.1671232876712,0.38280625,-0.0526216456609662,0.0317303447216478
mayswi01,1955,24.1671232876712,0.382934550989346,-0.0463293920003414,0.0155349245914483
mayswi01,1956,25.1698630136986,0.358192063492064,-0.0400198992885916,0.00132817106187036
mayswi01,1957,26.1698630136986,0.383794793261868,-0.0337276456279668,-0.0108122833341375
mayswi01,1958,27.1698630136986,0.369860326894502,-0.027435391967342,-0.020928028437423
mayswi01,1959,28.1698630136986,0.355996870109546,-0.0211431383067172,-0.0290190642479864
mayswi01,1960,29.172602739726,0.351715805471125,-0.0148336455949674,-0.0350992296652716
mayswi01,1961,30.172602739726,0.356728260869565,-0.00854139193434257,-0.0391352997416432
mayswi01,1962,31.172602739726,0.363145323741007,-0.00224913827371777,-0.0411466605252926
mayswi01,1963,32.172602739726,0.349845345345345,0.00404311538690701,-0.0411333120162198
mayswi01,1964,33.1753424657534,0.357205837173579,0.0103526080986568,-0.0390868893212123
mayswi01,1965,34.1753424657534,0.389779032258065,0.0166448617592816,-0.0350185750779477
mayswi01,1966,35.1753424657534,0.336760129659643,0.0229371154199064,-0.028925551541961
mayswi01,1967,36.1753424657534,0.289953271028037,0.0292293690805312,-0.0208078187132519
mayswi01,1968,37.1780821917808,0.30382332155477,0.0355388617922811,-0.0106348079059517
mayswi01,1969,38.1780821917808,0.288913716814159,0.0418311154529059,0.00153789065694902
mayswi01,1970,39.1780821917808,0.296081705150977,0.0481233691135307,0.015735298512572
mayswi01,1971,40.1780821917808,0.271807619047619,0.0544156227741555,0.0319574156609172
mayswi01,1972,41.1808219178082,0.271581196581197,0.0607251154859052,0.05025701458051
mayswi01,1973,42.1808219178082,0.210840336134454,0.06701736914653,0.0705340974630469
mccovwi01,1959,21.4821917808219,0.38504128440367,-0.0632236621028408,0.0635983355573647
mccovwi01,1960,22.4849315068493,0.269141914191419,-0.0569141693910911,0.0439404825411017
mccovwi01,1961,23.4849315068493,0.295803234501348,-0.0506219157304663,0.0263638223728533
mccovwi01,1962,24.4849315068493,0.336465384615385,-0.0443296620698414,0.0108118714973272
mccovwi01,1963,25.4849315068493,0.335085346215781,-0.0380374084092166,-0.00271537008547667
mccovwi01,1964,26.4876712328767,0.238832167832168,-0.0317279156974668,-0.014246634989447
mccovwi01,1965,27.4876712328767,0.304647151898734,-0.025435662036842,-0.0237189108380592
mccovwi01,1966,28.4876712328767,0.339806228373702,-0.0191434083762172,-0.0311664773939491
mccovwi01,1967,29.4876712328767,0.328455769230769,-0.0128511547155924,-0.0365893346571168
mccovwi01,1968,30.4904109589041,0.34447619047619,-0.00654166200384262,-0.0399940114487943
mccovwi01,1969,31.4904109589041,0.409809688581315,-0.000249408343217823,-0.0413619029777704
mccovwi01,1970,32.4904109589041,0.365625418060201,0.00604284531740696,-0.0407050852140242
mccovwi01,1971,33.4904109589041,0.320997375328084,0.0123350989780318,-0.0380235581575557
mccovwi01,1972,34.4931506849315,0.245046822742475,0.0186445916897816,-0.0333016468369405
mccovwi01,1973,35.4931506849315,0.320795744680851,0.0249368453504064,-0.0265651540462804
mccovwi01,1974,36.4931506849315,0.273066974595843,0.0312290990110312,-0.017803951962898
mccovwi01,1975,37.4931506849315,0.283413276231263,0.037521352671656,-0.00701804058679333
mccovwi01,1976,38.4958904109589,0.245341013824885,0.0438308453834058,0.00583045884611458
mccovwi01,1977,39.4958904109589,0.323652255639098,0.0501230990440306,0.0206713359564109
mccovwi01,1978,40.4958904109589,0.262259842519685,0.0564153527046554,0.0375369223594295
mccovwi01,1979,41.4958904109589,0.258782608695652,0.0627076063652802,0.0564272180551703
mccovwi01,1980,42.4986301369863,0.2038984375,0.06901709907703,0.0774023056003708
molitpa01,1978,21.8684931506849,0.269912248628885,-0.0607929558942159,0.0557841552423353
molitpa01,1979,22.8684931506849,0.320733438485804,-0.0545007022335911,0.0369593866059704
molitpa01,1980,23.8712328767123,0.294685258964143,-0.0481912095218413,0.0201160808756897
molitpa01,1981,24.8712328767123,0.240410071942446,-0.0418989558612165,0.00534627797351655
molitpa01,1982,25.8712328767123,0.294616216216216,-0.0356067022005917,-0.00739881563593435
molitpa01,1983,26.8712328767123,0.270812220566319,-0.0293144485399669,-0.018119199952663
molitpa01,1985,28.8739726027397,0.287885532591415,-0.0167127021675923,-0.0335013361531879
molitpa01,1986,29.8739726027397,0.27854375,-0.0104204485069675,-0.0381420454430027
molitpa01,1987,30.8739726027397,0.347254205607477,-0.0041281948463427,-0.0407580454400952
molitpa01,1988,31.8767123287671,0.306456425406204,0.00218129786540709,-0.0413481749457904
molitpa01,1989,32.8767123287671,0.29756976744186,0.00847355152603192,-0.0399092092086912
molitpa01,1990,33.8767123287671,0.303376651982379,0.0147658051866567,-0.0364455341788698
molitpa01,1991,34.8767123287671,0.334697135061392,0.0210580588472815,-0.0309571498563261
molitpa01,1992,35.8794520547945,0.314309941520468,0.0273675515590313,-0.0234206912497286
molitpa01,1993,36.8794520547945,0.32449653259362,0.0336598052196561,-0.0138773411929933
molitpa01,1994,37.8794520547945,0.336242661448141,0.0399520588802809,-0.00230928184353565
molitpa01,1995,38.8794520547945,0.266530303030303,0.0462443125409057,0.0112834867986442
molitpa01,1996,39.8821917808219,0.333194986072423,0.0525538052526555,0.0269465335175344
molitpa01,1997,40.8821917808219,0.304126064735945,0.0588460589132803,0.044594267893906
molitpa01,1998,41.8821917808219,0.268177215189873,0.0651383125739051,0.0642667115629998
murraed02,1977,21.3616438356164,0.307775757575758,-0.0639821803523408,0.0660986576813503
murraed02,1978,22.3616438356164,0.302926686217009,-0.057689926691716,0.0462476665267564
murraed02,1979,23.3616438356164,0.307997045790251,-0.0513976730310912,0.0284213846648847
murraed02,1980,24.3643835616438,0.336133729569094,-0.0450881803193414,0.0125793012893012
murraed02,1981,25.3643835616438,0.34403640776699,-0.0387959266587166,-0.00119201483837874
murraed02,1982,26.3643835616438,0.358174055829228,-0.0325036729980918,-0.0129386216733365
murraed02,1983,27.3643835616438,0.331115442278861,-0.026211419337467,-0.022660519215572
murraed02,1984,28.3671232876712,0.330344117647059,-0.0199019266257172,-0.0303760144788627
murraed02,1985,29.3671232876712,0.322577443609023,-0.0136096729650924,-0.0360429462869065
murraed02,1986,30.3671232876712,0.297556917688266,-0.0073174193044676,-0.0396851688022281
murraed02,1987,31.3671232876712,0.298459302325581,-0.0010251656438428,-0.0413026820248274
murraed02,1988,32.3698630136986,0.301933135215453,0.00528432706790697,-0.0408915891758254
murraed02,1989,33.3698630136986,0.275385885885886,0.0115765807285318,-0.038454136664233
murraed02,1990,34.3698630136986,0.352915064102564,0.0178688343891566,-0.0339919748599184
murraed02,1991,35.3698630136986,0.285638263665595,0.0241610880497814,-0.0275051037628816
murraed02,1992,36.372602739726,0.273094003241491,0.0304705807615312,-0.0189674228015869
murraed02,1993,37.372602739726,0.307650381679389,0.036762834422156,-0.00842558597035833
murraed02,1994,38.372602739726,0.284741865509761,0.0430550880827808,0.00414096015359245
murraed02,1995,39.372602739726,0.341513684210526,0.0493473417434056,0.0187322155702655
murraed02,1996,40.3753424657534,0.269709984152139,0.0556568344551554,0.0353964846438529
murraed02,1997,41.3753424657534,0.2125,0.0619490881157802,0.0540427057947177
musiast01,1942,21.6191780821918,0.30546516007533,-0.0623617095465909,0.0607927749358031
musiast01,1943,22.6191780821918,0.353217076700434,-0.0560694558859661,0.0414632157634445
musiast01,1944,23.6219178082192,0.330644042232278,-0.0497599631742163,0.0241137365094002
musiast01,1946,25.6219178082192,0.365117142857143,-0.0371754558529667,-0.00441074107421134
musiast01,1947,26.6219178082192,0.307757078986587,-0.0308832021923419,-0.0156359159269338
musiast01,1948,27.6246575342466,0.407314574314574,-0.0245737094805921,-0.0248588070686854
musiast01,1949,28.6246575342466,0.350417475728155,-0.0182814558199673,-0.0320290161872161
musiast01,1950,29.6246575342466,0.349238759689923,-0.0119892021593424,-0.0371745160130246
musiast01,1951,30.6246575342466,0.356103397341211,-0.00569694849871765,-0.0402953065461109
musiast01,1952,31.627397260274,0.322779585798817,0.000612544213032148,-0.0413916095755697
musiast01,1953,32.627397260274,0.34504441260745,0.00690479787365695,-0.0404574343744643
musiast01,1954,33.627397260274,0.337404255319149,0.0131970515342817,-0.0374985498806366
musiast01,1955,34.627397260274,0.358097637795276,0.0194893051949065,-0.0325149560940867
musiast01,1956,35.6301369863014,0.336799698795181,0.0257987979066564,-0.0254846710112528
musiast01,1957,36.6301369863014,0.396214669051878,0.0320910515672812,-0.0164461114905112
musiast01,1958,37.6301369863014,0.372558317399618,0.038383305227906,-0.00538284267704735
musiast01,1959,38.6301369863014,0.275730279898219,0.0446755588885308,0.00770513542913876
musiast01,1960,39.6328767123288,0.306094339622642,0.0509850516002805,0.0228620086242652
musiast01,1961,40.6328767123288,0.329545893719807,0.0572773052609053,0.040004952464643
musiast01,1962,41.6328767123288,0.32025748502994,0.0635695589215301,0.059172605597743
musiast01,1963,42.6328767123288,0.27702972972973,0.0698618125821549,0.0803649680235653
perezto01,1965,23.1452054794521,0.30383,-0.0527595580699662,0.0321079877544489
perezto01,1966,24.1452054794521,0.267795620437956,-0.0464673044093414,0.0158681904342719
perezto01,1967,25.1452054794521,0.329432176656151,-0.0401750507487166,0.00165310240681716
perezto01,1968,26.1479452054795,0.298639053254438,-0.0338655580369668,-0.0105678934526112
perezto01,1969,27.1479452054795,0.32764121037464,-0.027573304376342,-0.0207280157458742
perezto01,1970,28.1479452054795,0.356088323353293,-0.0212810507157172,-0.028863428746415
perezto01,1971,29.1479452054795,0.28840971168437,-0.0149887970550924,-0.0349741324542336
perezto01,1972,30.1506849315068,0.326811051693405,-0.00867930434334257,-0.0390685402013692
perezto01,1973,31.1506849315068,0.332401883830455,-0.00238705068271777,-0.0411242781749961
perezto01,1974,32.1506849315069,0.289910606060606,0.00390520297790706,-0.0411553068559007
perezto01,1975,33.1506849315069,0.297947183098592,0.0101974566385319,-0.0391616262440831
perezto01,1976,34.1534246575342,0.290499133448873,0.0165069493502816,-0.0351294458789261
perezto01,1977,35.1534246575342,0.308187702265372,0.0227992030109064,-0.0290807995329168
perezto01,1978,36.1534246575342,0.310887931034483,0.0290914566715312,-0.0210074438941852
perezto01,1979,37.1534246575342,0.281050656660413,0.035383710332156,-0.0109093789627314
perezto01,1980,38.1561643835616,0.3125625,0.0416932030439058,0.00124938951471836
perezto01,1981,39.1561643835616,0.255029761904762,0.0479854567045307,0.0154024201803638
perezto01,1982,40.1561643835616,0.290004716981132,0.0542777103651555,0.0315801601387316
perezto01,1983,41.1561643835616,0.238781690140845,0.0605699640257803,0.0497826093898215
perezto01,1984,42.158904109589,0.245945578231292,0.06687945673753,0.0700679659795639
perezto01,1985,43.158904109589,0.31223786407767,0.0731717103981548,0.0923253809648456
perezto01,1986,44.158904109589,0.240867256637168,0.0794639640587796,0.116607505242849
ripkeca01,1982,21.8630136986301,0.295786153846154,-0.0608274339964659,0.0558928822036036
ripkeca01,1983,22.8630136986301,0.329994490358127,-0.0545351803358411,0.0370570192697444
ripkeca01,1984,23.8657534246575,0.315911888111888,-0.0482256876240913,0.0202025888466337
ripkeca01,1985,24.8657534246575,0.291298465829847,-0.0419334339634665,0.00542169164696622
ripkeca01,1986,25.8657534246575,0.292206552706553,-0.0356411803028417,-0.00733449625997906
ripkeca01,1987,26.8657534246575,0.258124128312413,-0.0293489266422169,-0.0180659748742021
ripkeca01,1988,27.8684931506849,0.261101173020528,-0.0230394339304671,-0.02679381718502
ripkeca01,1989,28.8684931506849,0.265722772277228,-0.0167471802698423,-0.0334703300650514
ripkeca01,1990,29.8684931506849,0.273507396449704,-0.0104549266092175,-0.0381221336523605
ripkeca01,1991,30.8684931506849,0.369608262108262,-0.00416267294859271,-0.0407492279469473
ripkeca01,1992,31.8712328767123,0.257750356633381,0.00214681976315711,-0.0413504821454726
ripkeca01,1993,32.8712328767123,0.287632331902718,0.00843907342378188,-0.0399226107058677
ripkeca01,1994,33.8712328767123,0.315274428274428,0.0147313270844067,-0.0364700299735407
ripkeca01,1995,34.8712328767123,0.275217821782178,0.0210235807450315,-0.0309927399484913
ripkeca01,1996,35.8739726027397,0.295095170454545,0.0273330734567813,-0.0234674060347238
ripkeca01,1997,36.8739726027397,0.265909224011713,0.0336253271174061,-0.0139351502754828
ripkeca01,1998,37.8739726027397,0.262606382978723,0.0399175807780309,-0.00237818522351959
ripkeca01,1999,38.8739726027397,0.386827586206897,0.0462098344386557,0.0112034891211659
ripkeca01,2000,39.8767123287671,0.278687315634218,0.0525193271504055,0.0268554111472261
ripkeca01,2001,40.8767123287671,0.243744639376218,0.0588115808110303,0.0444920512261033
robinbr01,1957,20.1315068493151,0.240603174603175,-0.0717225143074656,0.0932953635222252
robinbr01,1958,21.1315068493151,0.221102204408818,-0.0654302606468408,0.0709537025801456
robinbr01,1959,22.1315068493151,0.289235474006116,-0.059138006986216,0.0506367509307882
robinbr01,1960,23.1342465753425,0.296669278996865,-0.0528285142744662,0.0322971740148766
robinbr01,1961,24.1342465753425,0.275530303030303,-0.0465362606138414,0.0160351880997109
robinbr01,1962,25.1342465753425,0.318934210526316,-0.0402440069532166,0.00179791147726744
robinbr01,1963,26.1342465753425,0.252253144654088,-0.0339517532925918,-0.0104146558524538
robinbr01,1964,27.1369863013699,0.343050974512744,-0.027642260580842,-0.0206276446560726
robinbr01,1965,28.1369863013699,0.309393034825871,-0.0213500069202172,-0.0287852462516022
robinbr01,1966,29.1369863013699,0.294873887240356,-0.0150577532595924,-0.0349181385544095
robinbr01,1967,30.1369863013699,0.287592203898051,-0.00876549959896756,-0.0390263215644945
robinbr01,1968,31.1397260273973,0.28057886676876,-0.00245600688721777,-0.0411127222558207
robinbr01,1969,32.1397260273973,0.257893455098935,0.00383624677340704,-0.041165939531714
robinbr01,1970,33.1397260273973,0.283805097451274,0.0101285004340318,-0.0391944475148852
robinbr01,1971,34.1397260273973,0.276304281345566,0.0164207540946566,-0.035198246205334
robinbr01,1972,35.1424657534247,0.242048013245033,0.0227302468064065,-0.0291580587843674
robinbr01,1973,36.1424657534247,0.243542904290429,0.0290225004670313,-0.0211068917406246
robinbr01,1974,37.1424657534247,0.279985099337748,0.0353147541276561,-0.0110310154041596
robinbr01,1975,38.1424657534247,0.205138195777351,0.0416070077882809,0.00106957022502773
robinbr01,1976,39.1452054794521,0.214004366812227,0.0479165005000306,0.0152363457582869
robinfr02,1956,20.8465753424658,0.326346094946401,-0.0672231219638407,0.0771132829505004
robinfr02,1957,21.8465753424658,0.34236131934033,-0.0609308683032159,0.0562194278314358
robinfr02,1958,22.8465753424658,0.303160194174757,-0.0546386146425911,0.0373502820050935
robinfr02,1959,23.8465753424658,0.346722852512156,-0.0483463609819663,0.0205058454714735
robinfr02,1960,24.8493150684932,0.326165467625899,-0.0420368682702165,0.00564829741134233
robinfr02,1961,25.8493150684932,0.382704730831974,-0.0357446146095917,-0.00714117338808605
robinfr02,1962,26.8493150684932,0.385670072992701,-0.0294523609489669,-0.0179059348947922
robinfr02,1963,27.8493150684932,0.285560714285714,-0.0231601072883421,-0.0266459871087761
robinfr02,1964,28.8520547945205,0.346714953271028,-0.0168506145765923,-0.0333769470566145
robinfr02,1965,29.8520547945205,0.337844512195122,-0.0105583609159675,-0.0380620335364067
robinfr02,1966,30.8520547945205,0.36355754857997,-0.0042661072553427,-0.0407224107234766
robinfr02,1967,31.8520547945205,0.35044262295082,0.0020261464052821,-0.0413580786178243
robinfr02,1968,32.8547945205479,0.262706349206349,0.00833563911703192,-0.03996245045337
robinfr02,1969,33.8547945205479,0.324098101265823,0.0146278927776567,-0.0365431526135261
robinfr02,1970,34.8547945205479,0.320602941176471,0.0209201464382815,-0.0310991454809598
robinfr02,1971,35.8547945205479,0.305630393996248,0.0272124000989063,-0.0236304290556714
robinfr02,1972,36.8575342465753,0.252940740740741,0.0335218928106561,-0.0141082127789244
robinfr02,1973,37.8575342465753,0.29494489465154,0.0398141464712809,-0.00258453061944427
robinfr02,1974,38.8575342465753,0.27927634194831,0.0461064001319057,0.0109638608327581
robinfr02,1975,39.8575342465753,0.274434482758621,0.0523986537925305,0.0265369615776828
rodriiv01,1991,19.6027397260274,0.263912587412587,-0.0750496511745905,0.105927248126091
rodriiv01,1992,20.6054794520548,0.257865168539326,-0.0687401584628407,0.0824536254691485
rodriiv01,1993,21.6054794520548,0.278698630136986,-0.0624479048022159,0.0610716212603317
rodriiv01,1994,22.6054794520548,0.31703,-0.0561556511415911,0.0417143263442372
rodriiv01,1995,23.6054794520548,0.314520388349515,-0.0498633974809663,0.0243817407208649
rodriiv01,1996,24.6082191780822,0.322449852507375,-0.0435539047692165,0.00903470617621515
rodriiv01,1997,25.6082191780822,0.3299109375,-0.0372616511085917,-0.00424291371296544
rodriiv01,1998,26.6082191780822,0.345300163132137,-0.0309693974479669,-0.0154958243094238
rodriiv01,1999,27.6082191780822,0.370063694267516,-0.0246771437873421,-0.0247240256131599
rodriiv01,2000,28.6109589041096,0.420278645833333,-0.0183676510755923,-0.031944472045517
rodriiv01,2001,29.6109589041096,0.350830835117773,-0.0120753974149675,-0.0371177076150614
rodriiv01,2002,30.6109589041096,0.34741647597254,-0.00578314375434266,-0.0402662338918835
rodriiv01,2003,31.6109589041096,0.30569176882662,0.000509109906282136,-0.0413900508759835
rodriiv01,2004,32.613698630137,0.346644991212654,0.00681860261803195,-0.0404839091960478
rodriiv01,2005,33.613698630137,0.30285632183908,0.0131108562786568,-0.0375527604459561
rodriiv01,2006,34.613698630137,0.310896853146853,0.0194031099392816,-0.0325969024031421
rodriiv01,2007,35.613698630137,0.298844054580897,0.0256953635999064,-0.0256163350676058
rodriiv01,2008,36.6164383561644,0.290456790123457,0.0320048563116561,-0.0165836052753775
rodriiv01,2009,37.6164383561644,0.261577259475219,0.0382971099722809,-0.00554807220564959
rodriiv01,2010,38.6164383561644,0.258992805755396,0.0445893636329057,0.00751217015680059
rodriiv01,2011,39.6164383561644,0.22918045112782,0.0508816172935305,0.022597121811973
rosepe01,1963,22.2246575342466,0.253069666182874,-0.058551879247966,0.0488472987496211
rosepe01,1964,23.227397260274,0.242736936936937,-0.0522423865362162,0.030696841611819
rosepe01,1965,24.227397260274,0.296848728246319,-0.0459501328755914,0.0146234587540576
rosepe01,1966,25.227397260274,0.321360869565217,-0.0396578792149666,0.000574785189018351
rosepe01,1967,26.227397260274,0.306459968602826,-0.0333656255543418,-0.0114491790832986
rosepe01,1968,27.2301369863014,0.340072592592593,-0.027056132842592,-0.021473048108808
rosepe01,1969,28.2301369863014,0.347769774011299,-0.0207638791819672,-0.0294420466469333
rosepe01,1970,29.2301369863014,0.317476323119777,-0.0144716255213424,-0.0353863358923363
rosepe01,1971,30.2301369863014,0.303911722141823,-0.00817937186071757,-0.0393059158450171
rosepe01,1972,31.2328767123288,0.284618257261411,-0.00186987914896778,-0.0412031967582338
rosepe01,1973,32.2328767123288,0.314242953020134,0.00442237451165703,-0.0410678109767229
rosepe01,1974,33.2328767123288,0.264948344370861,0.0107146281722818,-0.0389077159024897
rosepe01,1975,34.2328767123288,0.293345695364238,0.0170068818329066,-0.0347229115355343
rosepe01,1976,35.2356164383562,0.303719414893617,0.0233163745446564,-0.0284936043364583
rosepe01,1977,36.2356164383562,0.299601659751037,0.0296086282052812,-0.0202538342353112
rosepe01,1978,37.2356164383562,0.291575589459085,0.035900881865906,-0.00998935484144185
rosepe01,1979,38.2356164383562,0.299313888888889,0.0421931355265308,0.00229983384514972
rosepe01,1980,39.2383561643836,0.255925619834711,0.0485026282382806,0.0166557291565184
rosepe01,1981,40.2383561643836,0.289433054393305,0.0547948818989054,0.0329998835773017
rosepe01,1982,41.2383561643836,0.249861626248217,0.0610871355595302,0.0513687472908071
rosepe01,1983,42.2383561643836,0.215826958105647,0.067379389220155,0.0717623202970349
rosepe01,1984,43.241095890411,0.226581168831169,0.0736888819319048,0.0942448037206964
rosepe01,1985,44.241095890411,0.216576923076923,0.0799811355925296,0.118693342461116
rosepe01,1986,45.241095890411,0.186382352941176,0.0862733892531544,0.145166590494258
sheffga01,1989,20.627397260274,0.233251243781095,-0.0686022460538407,0.0819632765319388
sheffga01,1990,21.627397260274,0.2805,-0.0623099923932159,0.0606256495130995
sheffga01,1991,22.627397260274,0.195865671641791,-0.0560177387325911,0.0413127317869825
sheffga01,1992,23.6301369863014,0.362352365415987,-0.0497082460208413,0.0239799395721832
sheffga01,1993,24.6301369863014,0.305833030852995,-0.0434159923602165,0.00872198758025782
sheffga01,1994,25.6301369863014,0.338680965147453,-0.0371237386995917,-0.00451125511894529
sheffga01,1995,26.6301369863014,0.33584962406015,-0.0308314850389669,-0.0157197885254262
sheffga01,1996,27.6328767123288,0.337899696048632,-0.0245219923272171,-0.0249259926279328
sheffga01,1997,28.6328767123288,0.246732049036778,-0.0182297386665923,-0.032079560300222
sheffga01,1998,29.6328767123288,0.305562383612663,-0.0119374850059675,-0.0372084186797889
sheffga01,1999,30.6328767123288,0.300786039453718,-0.00564523134534266,-0.0403125677666336
sheffga01,2000,31.6356164383562,0.35235041322314,0.000664261366407131,-0.0413921837568475
sheffga01,2001,32.6356164383562,0.342173553719008,0.00695651502703196,-0.0404413671095006
sheffga01,2002,33.6356164383562,0.304625649913345,0.0132487686876568,-0.0374658411694313
sheffga01,2003,34.6356164383562,0.350964285714286,0.0195410223482816,-0.0324656059366398
sheffga01,2004,35.6383561643836,0.307514032496307,0.0258505150600313,-0.0254186338145611
sheffga01,2005,36.6383561643836,0.310532934131737,0.0321427687206561,-0.0163634328475779
sheffga01,2006,37.6383561643836,0.308237804878049,0.0384350223812809,-0.00528352258787253
sheffga01,2007,38.6383561643836,0.264702199661591,0.0447272760419057,0.00782109696455512
sheffga01,2008,39.641095890411,0.239549060542797,0.0510367687536556,0.0229946571989267
sheffga01,2009,40.641095890411,0.279527508090615,0.0573290224142804,0.040154242485546
staubru01,1963,19.2575342465753,0.217886164623468,-0.0772217716163404,0.114479398247002
staubru01,1964,20.2602739726027,0.233322784810127,-0.0709122789045906,0.0903049199417719
staubru01,1965,21.2602739726027,0.263157327586207,-0.0646200252439658,0.06822397499081
staubru01,1966,22.2602739726027,0.288493421052632,-0.058327771583341,0.0481677393325702
staubru01,1967,23.2602739726027,0.346809764309764,-0.0520355179227162,0.0301362129670528
staubru01,1968,24.2630136986301,0.294453149001536,-0.0457260252109664,0.0140883227741149
staubru01,1969,25.2630136986301,0.309835866261398,-0.0394337715503416,0.000111762142789094
staubru01,1970,26.2630136986301,0.290268833087149,-0.0331415178897168,-0.0118400891958145
staubru01,1971,27.2630136986301,0.31853412462908,-0.026849264229092,-0.0217672312416958
staubru01,1972,28.2657534246575,0.304381481481481,-0.0205397715173422,-0.029688533322341
staubru01,1973,29.2657534246575,0.281595419847328,-0.0142475178567174,-0.0355607096340306
staubru01,1974,30.2657534246575,0.267416666666667,-0.00795526419609257,-0.039408176652998
staubru01,1975,31.2657534246575,0.291741984732824,-0.00166301053546777,-0.0412309343792431
staubru01,1976,32.2684931506849,0.287304860088365,0.00464648217628202,-0.0410256483475955
staubru01,1977,33.2684931506849,0.287825834542816,0.0109387358369068,-0.038793440339649
staubru01,1978,34.2684931506849,0.27541265474553,0.0172309894975316,-0.0345365230389802
staubru01,1979,35.2684931506849,0.239314685314685,0.0235232431581564,-0.0282548964455892
staubru01,1980,36.2712328767123,0.296497395833333,0.0298327358699062,-0.0199230223016489
staubru01,1981,37.2712328767123,0.310912568306011,0.036124989530531,-0.00958642997406622
staubru01,1982,38.2712328767123,0.221165322580645,0.0424172431911558,0.00277487164623873
staubru01,1983,39.2712328767123,0.296325581395349,0.0487094968517806,0.0171608825592659
thomeji01,1992,21.8575342465753,0.209403100775194,-0.0608619120987159,0.0560016699555432
thomeji01,1993,22.8575342465753,0.26079057591623,-0.0545696584380911,0.0371547127241896
thomeji01,1994,23.8575342465753,0.309947658402204,-0.0482774047774663,0.0203324647855583
thomeji01,1995,24.8575342465753,0.310124548736462,-0.0419851511168415,0.00553492613964919
thomeji01,1996,25.8602739726027,0.327175159235669,-0.0356756584050917,-0.0072701160933526
thomeji01,1997,26.8602739726027,0.308223300970874,-0.0293834047444669,-0.01801268900507
thomeji01,1998,27.8602739726027,0.323274102079395,-0.0230911510838421,-0.0267305526240651
thomeji01,1999,28.8602739726027,0.296378246753247,-0.0167988974232173,-0.033423706950338
thomeji01,2000,29.8630136986301,0.285652941176471,-0.0104894047114675,-0.0381021610710471
thomeji01,2001,30.8630136986301,0.342496825396825,-0.0041971510508427,-0.0407403496631283
thomeji01,2002,31.8630136986301,0.359729411764706,0.0020951026097821,-0.0413538289624873
thomeji01,2003,32.8630136986301,0.313138282387191,0.00838735627040688,-0.039942598969124
thomeji01,2004,33.8657534246575,0.344601351351351,0.0146968489821567,-0.0364944649775403
thomeji01,2005,34.8657534246575,0.207932773109244,0.0209891026427815,-0.0310282692499854
thomeji01,2006,35.8657534246575,0.325250836120401,0.0272813563034063,-0.0235373642297082
thomeji01,2007,36.8657534246575,0.310653333333333,0.0335736099640311,-0.0140217499167087
thomeji01,2008,37.8684931506849,0.282430016863406,0.0398831026757809,-0.00244702781283232
thomeji01,2009,38.8684931506849,0.270794685990338,0.0461753563364057,0.0111235522343588
thomeji01,2010,39.8684931506849,0.32728869047619,0.0524676099970305,0.0267188415742722
thomeji01,2011,40.8684931506849,0.274682008368201,0.0587598636576553,0.0443388402069078
thomeji01,2012,41.8712328767123,0.265840707964602,0.0650693563694051,0.0640401504230768
vizquom01,1989,22.2,0.195114832535885,-0.058707030708091,0.0493192675305378
vizquom01,1990,23.2,0.221727272727273,-0.0524147770474662,0.0311657038925822
vizquom01,1991,24.2,0.205225738396624,-0.0461225233868414,0.0150368495473489
vizquom01,1992,25.2027397260274,0.263837837837838,-0.0398130306750916,0.000896844174750857
vizquom01,1993,26.2027397260274,0.223782113821138,-0.0335207770144668,-0.0111770444362908
vizquom01,1994,27.2027397260274,0.241270096463022,-0.027228523353842,-0.0212262237546101
vizquom01,1995,28.2027397260274,0.238356209150327,-0.0209362696932172,-0.0292506937802072
vizquom01,1996,29.2054794520548,0.275615384615385,-0.0146267769814674,-0.0352641110405127
vizquom01,1997,30.2054794520548,0.256392,-0.00833452332084257,-0.0392336153319181
vizquom01,1998,31.2054794520548,0.257173106646059,-0.00204226966021776,-0.0411784103306013
vizquom01,1999,32.2054794520548,0.297330757341576,0.00424998400040704,-0.0410984960365622
vizquom01,2000,33.2082191780822,0.249723943661972,0.0105594767121568,-0.0389853251845749
vizquom01,2001,34.2082191780822,0.231174041297935,0.0168517303727816,-0.0348504451563442
vizquom01,2002,35.2082191780822,0.270554364471669,0.0231439840334064,-0.0286908558353912
vizquom01,2003,36.2082191780822,0.225103571428571,0.0294362376940312,-0.020506557221716
vizquom01,2004,37.2109589041096,0.266115689381933,0.035745730405781,-0.0102667982574359
vizquom01,2005,38.2109589041096,0.244099841521395,0.0420379840664058,0.00197246609043101
vizquom01,2006,39.2109589041096,0.271388802488336,0.0483302377270306,0.0162364397310202
vizquom01,2007,40.2109589041096,0.234255855855856,0.0546224913876554,0.0325251226643316
vizquom01,2008,41.213698630137,0.222679577464789,0.0609319840994052,0.0508914697409044
vizquom01,2009,42.213698630137,0.247821052631579,0.0672242377600301,0.0712351184084074
vizquom01,2010,43.213698630137,0.238872395833333,0.0735164914206548,0.0936034763686328
vizquom01,2011,44.213698630137,0.228679775280899,0.0798087450812797,0.11799654362158
vizquom01,2012,45.2164383561644,0.213648148148148,0.0861182377930294,0.144489478810446
winfida01,1973,21.7561643835616,0.269477124183007,-0.0614997569903409,0.0580252084837428
winfida01,1974,22.7561643835616,0.28169741697417,-0.0552075033297161,0.0389730067487435
winfida01,1975,23.7561643835616,0.275026132404181,-0.0489152496690913,0.0219455143064663
winfida01,1976,24.758904109589,0.283057450628366,-0.0426057569573415,0.00690440881464071
winfida01,1977,25.758904109589,0.304775449101796,-0.0363135032967167,-0.00606811789344475
winfida01,1978,26.758904109589,0.348092209856916,-0.0300212496360919,-0.017015935308808
winfida01,1979,27.758904109589,0.361074018126888,-0.0237289959754671,-0.0259390434314489
winfida01,1980,28.7616438356164,0.293705882352941,-0.0174195032637173,-0.0328535608109819
winfida01,1981,29.7616438356164,0.29679128440367,-0.0111272496030925,-0.0377217031994312
winfida01,1982,30.7616438356164,0.339962393162393,-0.00483499594246768,-0.0405651362951582
winfida01,1983,31.7616438356164,0.311280966767372,0.00145725771815712,-0.041383860098163
winfida01,1984,32.7643835616438,0.351144246353323,0.0077667504299069,-0.0401717893654032
winfida01,1985,33.7643835616438,0.306948604992658,0.0140590040905317,-0.0369355474342163
winfida01,1986,34.7643835616438,0.284461778471139,0.0203512577511565,-0.0316745962103072
winfida01,1987,35.7643835616438,0.286138674884438,0.0266435114117813,-0.0243889356936758
winfida01,1988,36.7671232876712,0.342644122383253,0.0329530041235311,-0.0150502768486233
winfida01,1990,38.7671232876712,0.289111587982833,0.0455375114447807,0.00965568494574511
winfida01,1991,39.7671232876712,0.290789473684211,0.0518297651054055,0.0250457297820127
winfida01,1992,40.7698630136986,0.308684370257967,0.0581392578171553,0.0425109767393579
winfida01,1993,41.7698630136986,0.287317567567568,0.0644315114777801,0.0619559873098172
winfida01,1994,42.7698630136986,0.277223602484472,0.0707237651384049,0.0834257071729987
winfida01,1995,43.7698630136986,0.1974609375,0.0770160187990297,0.106920136328902
yastrca01,1961,21.8712328767123,0.2653934169279,-0.0607757168430909,0.0557298145582027
yastrca01,1962,22.8712328767123,0.307584507042253,-0.0544834631824661,0.0369105930705851
yastrca01,1963,23.8712328767123,0.30436308623298,-0.0481912095218413,0.0201160808756897
yastrca01,1964,24.8739726027397,0.290579029733959,-0.0418817168100915,0.00530859393329344
yastrca01,1965,25.8739726027397,0.331591800356506,-0.0355894631494667,-0.00743095252741028
yastrca01,1966,26.8739726027397,0.282553731343284,-0.0292972094888419,-0.0181457896953917
yastrca01,1967,27.8739726027397,0.364787425149701,-0.0230049558282171,-0.026835917570651
yastrca01,1968,28.8767123287671,0.298854070660522,-0.0166954631164673,-0.0335168164007545
yastrca01,1969,29.8767123287671,0.291895415472779,-0.0104032094558425,-0.0381519785418221
yastrca01,1970,30.8767123287671,0.340413138686131,-0.00411095579521771,-0.0407624313901674
yastrca01,1971,31.8767123287671,0.247753289473684,0.00218129786540709,-0.0413481749457904
yastrca01,1972,32.8794520547945,0.247298872180451,0.00849079057715689,-0.0399024856636013
yastrca01,1973,33.8794520547945,0.292634796238245,0.0147830442377817,-0.0364332634850326
yastrca01,1974,34.8794520547945,0.288573743922204,0.0210752978984065,-0.0309393320137418
yastrca01,1975,35.8794520547945,0.268868167202572,0.0273675515590313,-0.0234206912497286
yastrca01,1976,36.8821917808219,0.269602543720191,0.0336770442707811,-0.0138484138552467
yastrca01,1977,37.8821917808219,0.309580847723705,0.0399692979314059,-0.00227480735704194
yastrca01,1978,38.8821917808219,0.273209302325581,0.0462615515920307,0.0113235084338851
yastrca01,1979,39.8821917808219,0.286661512027491,0.0525538052526555,0.0269465335175344
yastrca01,1980,40.8849315068493,0.293746305418719,0.0588632979644053,0.0446453990243089
yastrca01,1981,41.8849315068493,0.235961139896373,0.0651555516250301,0.0643233898421499
yastrca01,1982,42.8849315068493,0.270400383141762,0.0714478052856549,0.0860260899527131
yastrca01,1983,43.8849315068493,0.278636150234742,0.0777400589462797,0.109753499355999
yountro01,1974,18.8,0.247935933147632,-0.0801006931542153,0.126186209409149
yountro01,1975,19.8,0.263119528619529,-0.0738084394935905,0.101148634175938
yountro01,1976,20.8027397260274,0.231151693667158,-0.0674989467818407,0.0780755004608742
yountro01,1977,21.8027397260274,0.270348694316436,-0.0612066931212159,0.0570928909618547
yountro01,1978,22.8027397260274,0.296634651600753,-0.0549144394605911,0.0381349907555575
yountro01,1979,23.8027397260274,0.264520391517129,-0.0486221857999663,0.0212017998419825
yountro01,1980,24.8054794520548,0.3337453125,-0.0423126930882165,0.00625525423921159
yountro01,1981,25.8054794520548,0.279995073891626,-0.0360204394275917,-0.00662297094017173
yountro01,1982,26.8054794520548,0.357319484240688,-0.0297281857669669,-0.0174764868268328
yountro01,1983,27.8054794520548,0.31487786259542,-0.0234359321063421,-0.0263052934207716
yountro01,1984,28.8082191780822,0.295253602305476,-0.0171264393945923,-0.0331252509112498
yountro01,1985,29.8082191780822,0.281043977055449,-0.0108341857339675,-0.037899091770997
yountro01,1986,30.8082191780822,0.304499142367067,-0.0045419320733427,-0.0406482233380219
yountro01,1987,31.8082191780822,0.317417256011315,0.0017503215872821,-0.0413726456123245
yountro01,1988,32.8109589041096,0.312925438596491,0.00805981429903192,-0.04006601499051
yountro01,1989,33.8109589041096,0.333377581120944,0.0143520679596567,-0.036735471530621
yountro01,1990,34.8109589041096,0.243277860326894,0.0206443216202815,-0.0313802187780097
yountro01,1991,35.8109589041096,0.257334519572954,0.0269365752809063,-0.0240002567326762
yountro01,1992,36.813698630137,0.266290584415584,0.0332460679926561,-0.014567037998569
yountro01,1993,37.813698630137,0.255662698412698,0.0395383216532809,-0.00313211021904379
